scenario,n,feasible_rate,profit_heuristic_mean,profit_heuristic_std,mip_profit_mean,mip_profit_std,gap_to_opt_mean,gap_to_opt_std,ub_profit_mean,ub_profit_std,gap_to_ub_mean,gap_to_ub_std,runtime_mean
S1_baseline,10,1.0,26080.0,8501.73838432797,30500.0,,0.17704918032786884,,27460.0,8217.352912519267,0.04894270047540094,0.09856043857637731,1.605853796005249
S2_high_low_level_demand,10,1.0,19460.0,2560.902618652693,,,,,19460.0,2560.902618652693,0.0,0.0,2.199805426597595
S3_geographic_imbalance,10,1.0,20020.0,9927.044989432768,25600.0,,0.24609375,,23755.0,8969.321168417498,0.30299436994388307,0.5840232149153481,1.5509788274765015
S4_high_order_load,10,1.0,18640.0,15558.863140416854,,,,,27359.047617099997,10385.454574713864,0.40601995426382437,0.393058615873957,13.77376847267151
S5_tight_relo_budget,10,1.0,10110.0,8547.83273376617,,,,,13133.000001000002,6712.707767389485,0.37005174819140585,0.5290281464753366,0.4719956398010254
