scenario,n,feasible_rate,baseline_feasible_rate,profit_mean,profit_std,baseline_profit_mean,baseline_profit_std,gap_mean,gap_std,time_mean
S1_baseline,10,1.0,1.0,11310.0,33117.78474878214,-20970.0,49419.65533402002,1.4647682198243899,2.2561868592634626,0.004551196098327636
S2_high_low_level_demand,10,1.0,1.0,46740.0,7919.483709322359,38940.0,10222.763270705671,0.24675159621238568,0.23218490326561073,0.005340266227722168
S3_geographic_imbalance,10,1.0,1.0,10530.0,50123.24920743977,-11970.0,44281.29903745423,48.07536784531847,109.7690106034676,0.004331707954406738
S4_high_order_load,10,1.0,1.0,-151720.0,58047.39060074583,-183280.0,60234.42721751591,0.1721588350643774,0.1644076269980887,0.00798940658569336
S5_tight_relo_budget,10,1.0,1.0,-55970.0,55956.39274371507,-74450.0,60095.37327356316,0.2798454227106865,0.2788690109721047,0.004104471206665039
