scenario,n,feasible_rate,profit_mean,profit_std,time_mean
S1_baseline,10,1.0,11310.0,33117.78474878214,0.0038403749465942385
S2_high_low_level_demand,10,1.0,46740.0,7919.483709322359,0.004639887809753418
S3_geographic_imbalance,10,1.0,10530.0,50123.24920743977,0.003743553161621094
S4_high_order_load,10,1.0,-151720.0,58047.39060074583,0.006881308555603027
S5_tight_relo_budget,10,1.0,-55970.0,55956.39274371507,0.003444051742553711
