scenario,n,feasible_rate,profit_mean,profit_std,opt_profit_mean,opt_profit_std,gap_to_opt_mean,gap_to_opt_std,ub_profit_mean,ub_profit_std,gap_to_ub_mean,gap_to_ub_std,time_mean
S1_baseline,10,1.0,11310.0,33117.78474878214,22170.0,27600.88766688492,1.0819572109077829,2.191558430809724,22170.0,27600.88766688492,1.0819572109077829,2.191558430809724,0.03710639476776123
S2_high_low_level_demand,10,1.0,46740.0,7919.483709322359,56640.0,8192.16427786672,0.17032373741991516,0.11481968449376133,56640.0,8192.16427786672,0.17032373741991516,0.11481968449376133,0.036503148078918454
S3_geographic_imbalance,10,1.0,10530.0,50123.24920743977,22170.0,47910.26449983808,2.449545293218059,7.048636779632575,22170.0,47910.26449983808,2.449545293218059,7.048636779632575,0.03274555206298828
S4_high_order_load,10,1.0,-151720.0,58047.39060074583,,,,,244160.0,32405.21905838969,1.6070077627374548,0.175932491012182,0.045087647438049314
S5_tight_relo_budget,10,1.0,-55970.0,55956.39274371507,-29690.0,48976.48982476751,1.0077740245596751,1.1834350784606134,-29690.0,48976.48982476751,1.0077740245596751,1.1834350784606134,0.02935793399810791
